{
    "SVM": {
        "accuracy": 0.3170731707317073,
        "confusion_matrix": [
            [
                4,
                4,
                0,
                0,
                1
            ],
            [
                0,
                6,
                1,
                0,
                1
            ],
            [
                2,
                3,
                1,
                0,
                2
            ],
            [
                0,
                3,
                2,
                1,
                2
            ],
            [
                0,
                3,
                4,
                0,
                1
            ]
        ]
    },
    "RandomForest": {
        "accuracy": 0.2926829268292683,
        "confusion_matrix": [
            [
                3,
                3,
                0,
                2,
                1
            ],
            [
                1,
                3,
                2,
                0,
                2
            ],
            [
                1,
                2,
                3,
                2,
                0
            ],
            [
                1,
                4,
                1,
                1,
                1
            ],
            [
                2,
                2,
                2,
                0,
                2
            ]
        ]
    },
    "LogReg": {
        "accuracy": 0.3170731707317073,
        "confusion_matrix": [
            [
                1,
                1,
                1,
                4,
                2
            ],
            [
                1,
                3,
                1,
                0,
                3
            ],
            [
                1,
                1,
                1,
                1,
                4
            ],
            [
                0,
                1,
                0,
                1,
                6
            ],
            [
                0,
                0,
                1,
                0,
                7
            ]
        ]
    }
}